0,Armand,Enderle,(473)259-5186,9497 Chapel Drive Melbourne
1,Alberto,Scarlett,(337)926-8804,8120 Bald Hill Street Baton Rouge
2,Wyatt,Ruoff,(516)560-5642,9169 Campfire Ave. Cockeysville
3,Alfonso,Denmark,(515)325-7213,88 Young Avenue Oak Forest
4,Pearl,Straube,(637)979-1751,724 East Warren St. New Brunswick
5,Vincent,Wohlwend,(347)285-2855,797 Spruce Dr. Lanham
6,Breanne,Flick,(243)427-7801,54 Golf Ave. Rocky Mount
7,Annette,Onken,(826)931-1358,7360 Shub Farm St. Appleton
8,Dorothy,Sherk,(943)572-8719,21 W. Greystone Dr. Jamaica
9,Ina,Lecroy,(956)891-5692,8045 Edgewood Ave. Newtown
10,Alane,Piland,(685)784-0090,73 Berkshire Street Fishers
11,Alline,Bodiford,(817)858-9790,662 Rose St. Brentwood
12,Nova,Imburgia,(201)520-5282,9376 Court Lane Hendersonville
13,Tomeka,Amerson,(391)253-4028,759 Lake Dr. Zeeland
14,Drusilla,Kogan,(887)385-2800,311 Brickyard Ave. Flemington
15,Lloyd,Woodruff,(978)908-5703,936 Sulphur Springs Ave. Glendora
16,Connie,Smolen,(649)851-8356,47 Second Rd. Neenah
17,Maryetta,Palmateer,(753)513-8599,265 Strawberry Drive Dublin
18,Krystle,Trembath,(956)834-9666,72 3rd St. Latrobe
19,Julieta,Marts,(492)489-8849,333 S. Grant St. Greenfield
20,Clelia,Hodgins,(874)976-8869,993 University St. Brentwood
21,Willie,Woodham,(771)299-4461,9114 S. Sage Road Carrollton
22,Aimee,Vanderploeg,(968)855-9992,8164 North Hillside Ave. Cranston
23,Veronika,Luoma,(928)428-2564,4 Marlborough St. Parkersburg
24,Clyde,Knell,(354)414-8451,7243 Logan Dr. Chelsea
25,Yvonne,Honig,(395)371-3281,7596 Pin Oak Ave. Cordova
26,Leeanne,Sauer,(935)761-3437,83 Sunset St. Yuba City
27,Sharita,Medellin,(694)476-0996,8 Princess Ave. Chesterton
28,Antione,Nuttall,(672)394-8182,193 Sunnyslope St. Newburgh
29,Melonie,Helmers,(376)928-2735,7584 S. Thatcher Lane Indiana
30,Britt,Jarrett,(447)916-9841,205 North Holly Ave. Milton
31,Geri,Bermudes,(751)276-1619,8014 Summer St. Parsippany
32,Estela,Covington,(821)546-2572,40 Ohio Dr. York
33,Anneliese,Rinaldi,(401)914-7948,644 N. Philmont Avenue Manchester Township
34,Frankie,Husted,(966)392-6237,9020 John St. Raleigh
35,Nelia,Kernan,(435)732-5230,131 Essex St. Faribault
36,Thu,Fuentes,(522)691-3154,83 Clinton St. Springboro
37,Candie,Olivarria,(648)682-2194,728 Lake View St. Orange
38,Linnea,Pundt,(394)885-6150,79 Greystone Court Greenwood
39,Leandro,Caudillo,(583)956-4106,31 Ramblewood St. Campbell
40,Hien,Montufar,(575)241-3435,9859 Lees Creek Street Gloucester
41,Harley,Cano,(543)271-1420,6 York Street Libertyville
42,Abbey,Bolds,(201)802-3380,34 La Sierra St. Littleton
43,Sonia,Effler,(678)704-0602,794 Spruce Road Oshkosh
44,Rita,Mcclain,(465)307-3911,62 Birchpond Dr. Metairie
45,Adele,Stjean,(453)347-1092,51 Elmwood Circle Corpus Christi
46,Yasmin,Vento,(912)583-0641,739 E. Jones Court Suffolk
47,Mari,Laxson,(510)522-8743,64 Sunset Street Daphne
48,Felisha,Godoy,(984)294-3307,8770 W. Edgemont Street Greenwood
49,Isabelle,Pasillas,(459)915-6456,779 NW. Penn Court Santa Monica
50,Charles,Given,(649)266-4203,66 Ridgewood Street Titusville
51,Adalberto,Donald,(340)744-1304,970 Fordham Street Wilson
52,Yevette,Mars,(570)281-8003,712 Glendale Court Valrico
53,Asley,Aparicio,(786)291-4313,897 Lyme St. Duarte
54,Daren,Max,(491)715-0629,994 William St. Oviedo
55,Teena,Scudder,(818)794-6680,16 Riverside Ave. Worcester
56,Claribel,Brugh,(693)431-5632,8993 San Pablo Court Kansas City
57,Alec,Wheless,(964)738-1681,12 Durham St. Great Falls
58,Isaac,Bachman,(676)997-9018,8572 Smoky Hollow St. State College
59,Martha,Lustig,(498)906-7749,67 East Elm St. North Wales
60,Elli,Stannard,(317)734-7777,556 Rocky River Drive Blackwood
61,Missy,Steenberg,(480)472-1997,56 Bishop St. Wadsworth
62,Luz,Grable,(325)289-3674,8766 Santa Clara Ave. Alabaster
63,Judson,Dudek,(882)786-9092,95 SW. Yukon Street Bradenton
64,Max,Bento,(472)910-8868,9133 4th St. Palos Verdes Peninsula
65,Hunter,Coit,(827)456-7214,7019 Johnson Dr. Hernando
66,Savanna,Pohlmann,(924)991-5405,83 Orchard St. Lynchburg
67,Eulah,Agbayani,(806)557-8114,7417 S. Lawrence Court Erie
68,Chelsie,Lichtenberger,(537)652-5828,8326 Tower St. Newnan
69,Gertrud,Daley,(201)796-2262,48 Vermont Ave. Warminster
70,Donn,Wimberley,(204)449-0745,264 Arcadia Dr. Bedford
71,Crissy,Keyes,(609)473-6387,90 South Riverside Lane Wisconsin Rapids
72,Maudie,Edney,(914)668-8570,224 Stonybrook Street Sugar Land
73,Detra,Bright,(589)442-6158,8527 North Country Club Avenue Derry
74,Sung,Stops,(704)794-1877,833 Addison Road Greer
75,Lucile,Hensler,(801)236-2945,872 Sherman Street Glendale
76,Chuck,Casteel,(776)418-6550,69 Greenrose Dr. Grandville
77,Altha,Delillo,(271)300-6203,452 Adams Rd. Grand Island
78,Toshiko,Cockrill,(636)325-5953,83 Beechwood Road Green Bay
79,Aaron,Bulow,(392)366-6313,92 Birch Hill Street Randallstown
80,Ralph,Situ,(682)651-1998,9816 Beaver Ridge St. Dearborn
81,Domenica,Revard,(574)277-8583,456 6th Drive Thomasville
82,Dixie,Sweeney,(364)810-3726,79 South Glen Creek Ave. Uniontown
83,Ignacio,Snow,(466)590-0327,8046 King St. Nanuet
84,Lillie,Wrona,(364)854-4751,273 Ramblewood St. Liverpool
85,Lisa,Dexter,(645)284-8819,8348 Miles Rd. Yorktown Heights
86,Arletta,Kepler,(831)883-5975,882 Sycamore Court Hillsboro
87,Kenyetta,Barrentine,(682)330-6934,925 Lafayette Dr. Latrobe
88,Delia,Seabrook,(648)664-8629,20 St Margarets St. Lawrence
89,Santos,Eager,(377)961-0147,8658 Saxon Ave. Mason City
90,Stephnie,Soldner,(437)276-6263,80 SW. Rocky River Drive Randallstown
91,Noah,Baize,(343)897-1428,9 Sunset Street Berwyn
92,Christopher,Cano,(504)580-5639,7 Sherwood Road Mount Holly
93,Karla,Barbosa,(723)627-9735,8284 Del Monte Lane Jonesboro
94,Fernande,Bergfeld,(384)490-4306,715 Glendale Road South Richmond Hill
95,Tam,Lo,(685)809-5588,174 Beaver Ridge Street Minneapolis
96,Karissa,Emery,(332)982-0706,6 Morris Street Williamstown
97,Judy,Prime,(948)430-8121,135 Argyle Avenue Joliet
98,Berenice,Grindstaff,(535)356-5691,8329 Randall Mill St. East Lansing
99,Peg,Brenes,(820)893-1213,8120 Bald Hill Street Baton Rouge
100,Jessie,Fralick,(534)974-0193,9169 Campfire Ave. Cockeysville
101,Reggie,Lightsey,(921)979-1621,88 Young Avenue Oak Forest
102,Peggie,Rady,(489)920-7779,724 East Warren St. New Brunswick
103,Ivana,Markel,(210)774-4238,797 Spruce Dr. Lanham
104,Marcelene,Pinson,(721)393-6595,54 Golf Ave. Rocky Mount
105,Florene,Greenhill,(956)580-1513,7360 Shub Farm St. Appleton
106,Nicholle,Greene,(852)830-4831,21 W. Greystone Dr. Jamaica
107,Lonna,Mckillip,(771)977-8768,8045 Edgewood Ave. Newtown
108,Eula,Jenny,(496)925-1413,73 Berkshire Street Fishers
109,Mauro,Theis,(770)760-3178,662 Rose St. Brentwood
110,Helga,Mauro,(967)872-6320,9376 Court Lane Hendersonville
111,Allegra,Huntsman,(609)728-3960,759 Lake Dr. Zeeland
112,Robby,Chavera,(542)267-8717,311 Brickyard Ave. Flemington
113,Teena,Twining,(453)884-0288,936 Sulphur Springs Ave. Glendora
114,Solange,Florence,(982)517-0103,47 Second Rd. Neenah
115,Eldon,Jester,(430)434-4594,265 Strawberry Drive Dublin
116,Gena,Soriano,(798)270-0393,72 3rd St. Latrobe
117,Marita,Carrington,(436)669-5985,333 S. Grant St. Greenfield
118,Karlyn,Pion,(256)817-5033,993 University St. Brentwood
119,Hillary,Cave,(444)774-9957,9114 S. Sage Road Carrollton
120,Lieselotte,Mckechnie,(639)258-7642,8164 North Hillside Ave. Cranston
121,Missy,Czerwinski,(888)987-0726,4 Marlborough St. Parkersburg
122,Dusti,Naumann,(680)968-2229,7243 Logan Dr. Chelsea
123,Rosalva,Fuhr,(394)335-5783,7596 Pin Oak Ave. Cordova
124,Cammie,Zamzow,(851)766-0314,83 Sunset St. Yuba City
125,Joesph,Valtierra,(591)661-0780,8 Princess Ave. Chesterton
126,Ladawn,Phinney,(987)908-6320,193 Sunnyslope St. Newburgh
127,Narcisa,Krebbs,(634)612-8106,7584 S. Thatcher Lane Indiana
128,Ilana,Steffan,(890)424-2552,205 North Holly Ave. Milton
129,Lorretta,Love,(385)593-7876,8014 Summer St. Parsippany
130,Tashina,Menefee,(892)379-8163,40 Ohio Dr. York
131,Elvira,Guillotte,(570)779-0659,644 N. Philmont Avenue Manchester Township
132,Lorelei,Sauseda,(988)247-4725,9020 John St. Raleigh
133,Melvina,Borden,(958)869-9277,131 Essex St. Faribault
134,Glennis,Salzano,(848)859-1820,83 Clinton St. Springboro
135,Dulcie,Johansson,(987)679-0340,728 Lake View St. Orange
136,Luci,Poisson,(814)204-6378,79 Greystone Court Greenwood
137,Viviana,Rosner,(969)430-9519,31 Ramblewood St. Campbell
138,Thomasine,Chappelle,(577)890-5500,9859 Lees Creek Street Gloucester
139,Simon,Napper,(311)696-2098,6 York Street Libertyville
140,Kristofer,Comstock,(397)452-0893,34 La Sierra St. Littleton
141,Kenia,Hellickson,(242)757-8456,794 Spruce Road Oshkosh
142,Marica,Torgersen,(307)993-5184,62 Birchpond Dr. Metairie
143,Goldie,Grissett,(544)979-4133,51 Elmwood Circle Corpus Christi
144,Gertie,Cornell,(811)568-7492,739 E. Jones Court Suffolk
145,Monet,Henriques,(957)652-7776,64 Sunset Street Daphne
146,Jonie,Asaro,(585)343-2920,8770 W. Edgemont Street Greenwood
147,Roseline,Leroux,(855)522-1896,779 NW. Penn Court Santa Monica
148,Racquel,Mcfatridge,(364)270-6320,66 Ridgewood Street Titusville
149,Eda,Gathers,(435)664-9680,970 Fordham Street Wilson
150,Audry,Matsuo,(507)460-1104,712 Glendale Court Valrico
151,Waneta,Stefaniak,(579)265-3637,897 Lyme St. Duarte
152,Bettyann,Ruane,(291)931-1115,994 William St. Oviedo
153,Jacalyn,Hevey,(394)967-7554,16 Riverside Ave. Worcester
154,Siu,Mcnichols,(811)661-2803,8993 San Pablo Court Kansas City
155,Candi,Pantano,(524)396-6671,12 Durham St. Great Falls
156,Edris,Friddle,(247)834-3277,8572 Smoky Hollow St. State College
157,Ethelene,Marine,(831)885-0650,67 East Elm St. North Wales
158,Astrid,Hilger,(600)933-6048,556 Rocky River Drive Blackwood
159,Kendrick,Fortune,(960)588-8173,56 Bishop St. Wadsworth
160,Shavon,Glass,(660)333-5275,8766 Santa Clara Ave. Alabaster
161,Monica,Wadley,(924)413-5101,95 SW. Yukon Street Bradenton
162,Aleida,Mosely,(403)952-1917,9133 4th St. Palos Verdes Peninsula
163,Aida,Samora,(246)862-8915,7019 Johnson Dr. Hernando
164,Adella,Givan,(938)756-5183,83 Orchard St. Lynchburg
165,Cindie,Purcell,(313)247-1826,7417 S. Lawrence Court Erie
166,Nicolle,Cutchin,(379)304-3983,8326 Tower St. Newnan
167,Evelyne,Ouzts,(320)825-4301,48 Vermont Ave. Warminster
168,Drucilla,Tezeno,(661)876-2365,264 Arcadia Dr. Bedford
169,Olivia,Bracco,(218)938-0526,90 South Riverside Lane Wisconsin Rapids
170,Nenita,Qualls,(624)213-5567,224 Stonybrook Street Sugar Land
171,Aliza,Ramsay,(336)225-5575,8527 North Country Club Avenue Derry
172,Arlinda,Provost,(548)802-3312,833 Addison Road Greer
173,Fermina,Gero,(453)626-8827,872 Sherman Street Glendale
174,Brent,Mcmillin,(206)617-1954,69 Greenrose Dr. Grandville
175,Grady,Rakes,(636)210-0590,452 Adams Rd. Grand Island
176,Lauren,Durrah,(330)675-0477,83 Beechwood Road Green Bay
177,Solomon,Lintner,(907)569-8246,92 Birch Hill Street Randallstown
178,Mohammed,Briley,(943)230-8774,9816 Beaver Ridge St. Dearborn
179,Venus,Silsby,(841)530-4737,456 6th Drive Thomasville
180,Boris,Ruddell,(253)248-3549,79 South Glen Creek Ave. Uniontown
181,Delorse,Broach,(828)281-4765,8046 King St. Nanuet
182,Eboni,Mallari,(588)722-2882,273 Ramblewood St. Liverpool
183,Sudie,Coppinger,(711)699-1098,8348 Miles Rd. Yorktown Heights
184,Latia,Swanner,(595)853-4491,882 Sycamore Court Hillsboro
185,Isiah,Warburton,(781)568-9534,925 Lafayette Dr. Latrobe
186,Rosendo,Quattlebaum,(230)534-8134,20 St Margarets St. Lawrence
187,Leslie,Bove,(239)238-2799,8658 Saxon Ave. Mason City
188,Ralph,Ault,(584)284-5185,80 SW. Rocky River Drive Randallstown
189,Rosalba,Steinke,(854)396-9825,9 Sunset Street Berwyn
190,Minna,Toupin,(538)704-3243,7 Sherwood Road Mount Holly
191,Rocio,Decuir,(420)878-4456,8284 Del Monte Lane Jonesboro
192,Mercedes,Grisby,(840)455-4928,715 Glendale Road South Richmond Hill
193,Lucien,Nagler,(848)251-1953,174 Beaver Ridge Street Minneapolis
194,Thu,Goode,(886)856-9505,6 Morris Street Williamstown
195,Celina,Ritz,(456)999-9267,135 Argyle Avenue Joliet
196,Shenita,Delaughter,(340)601-2242,8329 Randall Mill St. East Lansing
197,Alline,Heim,(877)505-9146,8120 Bald Hill Street Baton Rouge
198,Connie,Holtman,(850)627-1921,9169 Campfire Ave. Cockeysville
199,Adriene,Scheetz,(665)607-7147,88 Young Avenue Oak Forest
200,Rosalba,Prall,(993)372-8824,724 East Warren St. New Brunswick
201,Cathey,Rottman,(546)327-1594,797 Spruce Dr. Lanham
202,Sau,Tekulve,(667)819-8812,54 Golf Ave. Rocky Mount
203,Ladonna,Hunkins,(560)666-6074,7360 Shub Farm St. Appleton
204,Ardis,Lindblom,(988)902-0126,21 W. Greystone Dr. Jamaica
205,Rosemary,Platter,(832)252-3927,8045 Edgewood Ave. Newtown
206,Assunta,Dendy,(314)600-7482,73 Berkshire Street Fishers
207,Dean,Martins,(566)895-5843,662 Rose St. Brentwood
208,Renee,Hauptman,(889)342-3020,9376 Court Lane Hendersonville
209,Owen,Chatmon,(339)938-2884,759 Lake Dr. Zeeland
210,Roseline,Gibb,(581)442-5997,311 Brickyard Ave. Flemington
211,Julia,Fontenot,(549)551-9732,936 Sulphur Springs Ave. Glendora
212,Lakeisha,Keeling,(590)622-5231,47 Second Rd. Neenah
213,Joline,Mattern,(305)269-6633,265 Strawberry Drive Dublin
214,Thomasena,Schueler,(270)728-7683,72 3rd St. Latrobe
215,Raquel,Gleason,(547)283-3281,333 S. Grant St. Greenfield
216,Saran,Pickard,(609)921-0035,993 University St. Brentwood
217,Martin,Plate,(564)913-1105,9114 S. Sage Road Carrollton
218,Michal,Bickley,(359)259-2277,8164 North Hillside Ave. Cranston
219,Dotty,Nickens,(304)931-4112,4 Marlborough St. Parkersburg
220,Waldo,Rhames,(506)693-8507,7243 Logan Dr. Chelsea
221,Shani,Ruf,(600)481-0077,7596 Pin Oak Ave. Cordova
222,Chet,Cave,(703)800-1550,83 Sunset St. Yuba City
223,Willis,Accardo,(217)472-9599,8 Princess Ave. Chesterton
224,Sandi,Villanveva,(371)607-9679,193 Sunnyslope St. Newburgh
225,Carlyn,Fasano,(921)374-6012,7584 S. Thatcher Lane Indiana
226,Jackson,Grasser,(349)753-6547,205 North Holly Ave. Milton
227,Cira,Sereno,(942)952-7263,8014 Summer St. Parsippany
228,Rhonda,Bartz,(280)662-1003,40 Ohio Dr. York
229,Pat,Marton,(675)767-8065,644 N. Philmont Avenue Manchester Township
230,Bell,Koester,(636)704-1339,9020 John St. Raleigh
231,Maurita,Telfer,(662)312-6565,131 Essex St. Faribault
232,Rosalee,Champney,(809)301-1389,83 Clinton St. Springboro
233,Kala,Leavitt,(575)382-0265,728 Lake View St. Orange
234,Mitsuko,Beier,(267)866-7467,79 Greystone Court Greenwood
235,Paola,Trew,(759)301-1460,31 Ramblewood St. Campbell
236,Jeramy,Spurr,(985)447-3903,9859 Lees Creek Street Gloucester
237,Arlinda,Cusson,(800)863-5331,6 York Street Libertyville
238,Louis,Sandoval,(965)849-0361,34 La Sierra St. Littleton
239,Amalia,Zigler,(863)254-0993,794 Spruce Road Oshkosh
240,Vennie,Bernal,(970)648-7148,62 Birchpond Dr. Metairie
241,Keren,Collingsworth,(621)905-5579,51 Elmwood Circle Corpus Christi
242,Abram,Kulp,(911)210-2921,739 E. Jones Court Suffolk
243,Breana,Pasha,(880)463-8335,64 Sunset Street Daphne
244,Tamar,Bundy,(753)942-9999,8770 W. Edgemont Street Greenwood
245,Matilda,Linville,(618)999-0459,779 NW. Penn Court Santa Monica
246,Sherril,Eason,(856)227-8891,66 Ridgewood Street Titusville
247,Charissa,Moreton,(201)959-9985,970 Fordham Street Wilson
248,Rolando,Hoehn,(711)948-3447,712 Glendale Court Valrico
249,Mimi,Stelle,(489)455-1815,897 Lyme St. Duarte
250,Louann,Imperato,(556)345-6761,44 Indian Summer Lane Reidsville NC 27320
251,Jackeline,Haberle,(775)653-3864,666 Jones St. Grayslake IL 60030
252,Josphine,Chavis,(444)341-1856,886 SE. Snake Hill St. Wyoming MI 49509
253,Kenya,Benedetti,(536)633-2394,308 East Hill Field Dr. Highland IN 46322
254,Simon,Wedel,(661)200-2673,91 Tarkiln Hill Rd. Anaheim CA 92806
255,Kelvin,Mcnutt,(512)569-7345,75 Essex Street Olympia WA 98512
256,Sharon,Patten,(979)740-3817,1 Philmont Ave. Glen Allen VA 23059
257,Valeria,Astle,(464)277-3879,501 South Dogwood Drive Cary NC 27511
258,Leola,Minard,(433)909-8408,46 Jones Drive Defiance OH 43512
259,Hyun,Murton,(218)202-5493,765 Jennings St. Goldsboro NC 27530
260,Donny,Pauling,(285)901-2769,188 N. Canterbury St. Navarre FL 32566
261,Golden,Baltimore,(646)821-3150,825 Walt Whitman St. Newton NJ 07860
262,Kiley,Kesner,(581)774-9054,128 Riverside St. Bakersfield CA 93306
263,Kitty,Diederich,(958)569-5115,31 Birch Hill Court Trussville AL 35173
264,Derrick,Coby,(710)577-4115,13 Talbot Drive Kalamazoo MI 49009
265,Johnnie,Mongold,(525)588-6526,21 S. Sage Street Royersford PA 19468
266,Robbie,Squillante,(536)402-4000,303 Monroe St. Bethesda MD 20814
267,Lanita,Monk,(495)850-4404,967 East Lantern St. Madison AL 35758
268,Talitha,Edie,(317)242-3218,51 53rd St. Montgomery AL 36109
269,Amina,Saiki,(471)428-4454,34 Plymouth St. New Brunswick NJ 08901
270,Brain,Wierenga,(908)342-4728,3 S. El Dorado Street Boca Raton FL 33428
271,Johnna,Klotz,(493)862-8049,7483 Joy Ridge Street Petersburg VA 23803
272,Kathrin,Vento,(872)609-2444,95 Front Street Bangor ME 04401
273,Hiedi,Sauseda,(436)485-6932,46 St Louis Drive Maplewood NJ 07040
274,Elna,Lisowski,(969)859-0548,41 Bradford St. Tonawanda NY 14150
275,Ora,Holter,(799)831-8303,76 SW. Devon Ave. Bellmore NY 11710
276,Royal,Allard,(831)472-3947,491 Miles St. Racine WI 53402
277,Bethanie,Friedrichs,(529)803-8458,507 Fifth Street Howell NJ 07731
278,Heidi,Milot,(534)349-4717,917 S. Baker Street Satellite Beach FL 32937
279,Leon,Mcarthur,(535)489-5511,542 King Road Marietta GA 30008
280,Holli,Perl,(987)658-6286,76 Poplar St. Deland FL 32720
281,Amie,Drescher,(889)983-4506,7889 East Sierra Ave. Norristown PA 19401
282,Lu,Carwell,(741)869-7552,90 St Paul St. Fort Mill SC 29708
283,Stefanie,Hellickson,(576)748-2717,8415 Deerfield Rd. Williamsport PA 17701
284,Celesta,Purdom,(289)569-5191,297 Front Court Williamstown NJ 08094
285,Dell,Henson,(560)221-4232,733 S. Country Club Street Columbus GA 31904
286,Son,Kelton,(459)521-7640,251 Pilgrim Dr. Neenah WI 54956
287,Alana,Heroux,(433)447-0317,950 Sulphur Springs Street Reston VA 20191
288,Karleen,Rolan,(538)473-2427,37 Pennington St. Janesville WI 53546
289,Chun,Rodger,(306)999-2728,8834 Sycamore Dr. Los Angeles CA 90008
290,Gemma,Bozek,(578)968-9960,546 East St Louis Ave. Fort Myers FL 33905
291,Isreal,Derby,(234)609-3852,131 Mulberry Street Jersey City NJ 07302
292,Gregorio,Finlay,(960)481-5411,7923 Depot St. Livonia MI 48150
293,Celestina,Koen,(510)738-5899,13 South Kirkland Street Olive Branch MS 38654
294,Madalyn,Strang,(579)582-7695,134 Ohio Lane Malvern PA 19355
295,Britt,Lauritsen,(484)762-8172,986 E. Sulphur Springs Dr. Goose Creek SC 29445
296,Stacia,Shams,(601)406-3824,965 Prairie Street Howard Beach NY 11414
297,Sonia,Vermillion,(928)551-4812,144 Beechwood St. Chicopee MA 01020
298,Dixie,Ahumada,(607)582-6025,9 Annadale Lane Cape Coral FL 33904
299,Marjory,Ruble,(349)891-8945,7134 San Carlos St. Cornelius NC 28031
300,Hung,Yoshida,(500)780-2974,9030 Franklin Street Alliance OH 44601
301,Kimbery,Simental,(492)995-8940,578 Smith Street Point Pleasant Beach NJ 08742
302,Mora,Cockrum,(390)576-9129,8942 SW. Lookout Street Tuscaloosa AL 35405
303,Rhett,Shadrick,(540)552-5219,7539 N. Lookout St. San Angelo TX 76901
304,Merlyn,Oatis,(961)584-9322,344 Smith Ave. Mableton GA 30126
305,Zandra,Ortegon,(651)387-0446,20 Iroquois Lane Neptune NJ 07753
306,Colette,Lamoreaux,(484)662-1988,377 Locust Street Richmond VA 23223
307,Adelle,Trail,(963)262-8793,80 Devonshire St. Miami Beach FL 33139
308,Kena,Sundberg,(637)734-4090,7448 John Ave. Parkersburg WV 26101
309,Fe,Pinon,(807)324-2382,911 Elizabeth Rd. Des Moines IA 50310
310,Yu,Boelter,(358)998-4976,9308 Lantern Street East Elmhurst NY 11369
311,Yong,Westerman,(895)888-7911,380 Church Ave. Beaver Falls PA 15010
312,Carmella,Carmen,(748)787-0571,590 South Rosewood Drive Oxnard CA 93035
313,Gigi,Nottage,(233)293-7247,7775 Maple Lane Bronx NY 10451
314,Freeman,Vaillancourt,(825)287-3680,6 South Hickory Street Loveland OH 45140
315,Yolando,Piller,(262)726-6898,848 Atlantic Rd. Enterprise AL 36330
316,Tammera,Lewandowski,(492)878-7900,746 Wellington Ave. Irmo SC 29063
317,Krystin,Nord,(693)496-5013,73 Berkshire Dr. Martinsville VA 24112
318,Elijah,Creekmore,(763)691-8363,8462 La Sierra Drive Cockeysville MD 21030
319,Mirna,Familia,(782)379-4645,8940 Honey Creek Street Dorchester Center MA 02124
320,Nia,Prater,(639)283-5530,156 8th Dr. Quakertown PA 18951
321,Kenna,Muncy,(472)400-6247,6 West Vine St. Watertown MA 02472
322,Brigida,Fritz,(691)344-0206,9400 La Sierra Lane Griffin GA 30223
323,Maryetta,Leath,(711)219-9450,9659 NE. Homewood St. Midland MI 48640
324,Briana,Rawls,(617)449-2220,8335 King Street Youngstown OH 44512
325,Alaine,Vierra,(790)834-5254,948 S. Dogwood Street Yorktown Heights NY 10598
326,Romona,Eguia,(834)614-9494,3 Redwood Ave. Capitol Heights MD 20743
327,Tori,Cappelli,(263)735-2446,7393 Shore Avenue Orchard Park NY 14127
328,Dwight,Boydston,(449)327-2695,49 Thatcher Avenue Palm Beach Gardens FL 33410
329,Victor,Crompton,(430)471-0030,8438 Laurel Rd. Colonial Heights VA 23834
330,Jennette,Simeon,(878)472-5222,371 Evergreen Ave. Florence SC 29501
331,Beatriz,Dolloff,(426)420-4005,7934 Edgewood Ave. Centereach NY 11720
332,Juliana,Folkers,(510)660-3617,6 Rocky River Street Palos Verdes Peninsula CA 90274
333,Germaine,Garfinkel,(443)572-1546,7882 Grant Street Lapeer MI 48446
334,Leslee,Scarborough,(434)644-1063,42 W. Cooper St. Evans GA 30809
335,Lemuel,Haefner,(228)699-8088,85 Hill Field St. Harrisburg PA 17109
336,Karissa,Peirce,(281)394-7494,473 3rd Street Wethersfield CT 06109
337,Berry,Mewborn,(957)274-0202,95 Walnut St. Taylor MI 48180
338,Alyse,Bridge,(930)532-6698,327 Pearl Street Lawrence Township NJ 08648
339,Nina,Millette,(594)589-1308,9433 Arnold Ave. Saint Cloud MN 56301
340,Leena,Donaldson,(208)616-5676,23 Glenwood Street Henderson KY 42420
341,Ardelle,Denver,(670)715-0726,7834 Buckingham Street Raeford NC 28376
342,Carylon,Leitch,(341)816-3789,197 Ryan Drive Conway SC 29526
343,Gaynelle,Mcknight,(794)676-7127,7977 Roehampton St. Kernersville NC 27284
344,Rachal,Evett,(963)381-4516,9 Leatherwood St. Chesapeake VA 23320
345,Honey,Goines,(851)550-7614,170 Gainsway St. Hillsboro OR 97124
346,Garrett,Helbig,(482)257-0767,32 Stillwater St. Calumet City IL 60409
347,Gala,Billips,(645)533-4386,479 SW. Bald Hill Rd. Grove City OH 43123
348,Filomena,Dymond,(848)854-5849,93 South North Rd. High Point NC 27265
349,Lashaunda,Pett,(868)202-0476,15 Woodside Ave. Erlanger KY 41018
350,Gilberte,Mcfadden,(974)457-0566,86 Lakeview Street Greenwood SC 29646
351,Phebe,Valasquez,(617)621-0855,64 Snake Hill Drive Bozeman MT 59715
352,Valrie,Schooler,(813)499-2482,9 East Trout Dr. Joliet IL 60435
353,Kori,Petrone,(644)697-8349,8295 Vine St. Newark NJ 07103
354,Rodger,Housand,(957)754-8969,34 Cedar Swamp St. Clover SC 29710
355,Ruthanne,Tienda,(792)594-1860,1 Creekside Rd. Natick MA 01760
356,Melodee,Demaio,(727)704-3279,261 Bank St. Elizabethton TN 37643
357,Kemberly,Grimaldi,(402)441-2004,7141 Addison Ave. New Albany IN 47150
358,Genia,Stalker,(561)762-8122,72 Airport Avenue Gettysburg PA 17325
359,Royce,Lazo,(612)344-0911,685 Pulaski Lane Owosso MI 48867
360,Marlon,Overturf,(530)353-7622,8852 Valley Street Wheeling WV 26003
361,Carolyn,Draper,(553)866-8312,594 North Rock Creek Street Lebanon PA 17042
362,Cristin,Lyden,(594)260-6035,64 University Street Roswell GA 30075
363,Kimi,Trotta,(811)633-0665,66 Jockey Hollow Lane Clemmons NC 27012
364,Shane,Easton,(597)438-3146,90 South County Drive Romulus MI 48174
365,Mei,Vallery,(530)364-1659,9867 Young Street Valdosta GA 31601
366,Anja,Wyatt,(460)981-2896,8 San Pablo Street Gibsonia PA 15044
367,Carmine,Hollar,(413)747-5844,67 South Alton Dr. New Hyde Park NY 11040
368,Eloise,Vasko,(675)740-8302,704 8th St. East Haven CT 06512
369,Brandie,Bergeson,(476)911-1957,427 Old Thomas Dr. South Lyon MI 48178
370,Hanna,Mccurley,(889)667-6348,457 High Noon St. Groton CT 06340
371,Daryl,Roussel,(822)482-2413,517 Mill Pond Road Cincinnati OH 45211
372,Britt,Scheidler,(217)260-7470,8921 Euclid Dr. West Fargo ND 58078
373,Luciana,Twyman,(615)668-1143,676 Oxford Lane Sioux City IA 51106
374,Carina,Liebel,(229)646-7633,951 10th Road Port Jefferson Station NY 11776
375,Ermelinda,Polinsky,(792)295-2824,2 Andover Lane Madison Heights MI 48071
376,Porter,Biddy,(544)576-0619,417 N. Center Ave. Palm City FL 34990
377,Mariela,Armstrong,(734)302-8554,93 Ryan Road Little Rock AR 72209
378,Antoine,Gieseke,(714)791-9626,9548 Trenton Lane Santa Cruz CA 95060
379,Florine,Guerra,(206)501-2675,9015 Hawthorne Ave. Twin Falls ID 83301
380,Renetta,Seldon,(902)458-9578,4 Carpenter St. Pickerington OH 43147
381,Zoraida,Chadwell,(624)935-7793,240 Augusta Drive Fremont OH 43420
382,Delta,Lathan,(624)406-8834,9648 Shady Lane Glenview IL 60025
383,Shaina,Robison,(506)547-9840,408 North Lookout Dr. Zionsville IN 46077
384,Latonya,Gularte,(528)430-7137,8558 Fairground St. Dacula GA 30019
385,Nedra,Piercy,(751)590-2271,8145 Mountainview Drive Aliquippa PA 15001
386,Floyd,Hartline,(262)553-8747,620 Spring St. Mount Juliet TN 37122
387,Shonda,Hein,(815)412-6825,7418 Colonial St. District Heights MD 20747
388,Luisa,Schober,(535)619-3277,7939 Depot Avenue Danbury CT 06810
389,Latasha,Dressler,(220)887-6374,8138 Magnolia St. Thibodaux LA 70301
390,Arleen,Jo,(719)859-3924,9535 Spruce St. Chapel Hill NC 27516
391,Sammie,Mao,(444)876-6580,74 Prince Lane Mahopac NY 10541
392,Julene,Highfill,(817)781-2270,945 Glen Ridge St. Hillsborough NJ 08844
393,Porfirio,Janzen,(917)445-7539,8027 Academy Circle Atlanta GA 30303
394,Wilma,Artz,(607)314-9700,8916 West Lawrence Avenue Redondo Beach CA 90278
395,Grady,Kenan,(868)427-1201,882 Buttonwood St. Schaumburg IL 60193
396,Ramonita,Marmo,(330)755-4062,28 High Noon Ave. Hempstead NY 11550
397,Freeda,Gettings,(476)591-1501,8652 Ashley St. Fall River MA 02720
398,Allan,Keleher,(408)548-6865,7466 North Alton Ave. Lincoln NE 68506
399,Lon,Ankney,(211)968-8889,622 Glenwood St. Oceanside NY 11572
400,Alexandria,Cuyler,(784)452-4750,43 Colonial Drive Xenia OH 45385
401,Rory,Berner,(848)827-6322,9472 Griffin Dr. Catonsville MD 21228
402,Blythe,Santacruz,(261)308-4416,7169 Third Street Apt 9 Fairfield CT 06824
403,Ma,Dresser,(622)753-8846,47 E. Trenton Lane Endicott NY 13760
404,Lane,Rachal,(613)913-2301,210C Surrey Lane Chesterton IN 46304
405,Berenice,Farnum,(965)293-3830,308 Spruce Ave. Chandler AZ 85224
406,Antoine,Harpin,(453)832-9380,9 Summer Court Glen Ellyn IL 60137
407,Renita,Ohman,(940)616-0248,7260 Old Military Drive Canton GA 30114
408,Ezequiel,Tarbell,(261)446-7490,804 West Windfall Lane Romeoville IL 60446
409,Sharice,Cail,(346)706-7712,13 Hartford St. Hialeah FL 33010
410,Joel,Dietz,(877)804-6890,242 Ivy Ave. Roanoke Rapids NC 27870
411,Ming,Cermak,(518)839-7167,7436 Hilltop Circle Clayton NC 27520
412,Berta,Amsler,(635)424-9891,7060 Arlington Street Altoona PA 16601
413,Sona,Tooley,(431)796-3378,38 Carriage Street Liverpool NY 13090
414,Rosie,Mead,(991)637-7664,9 Ohio St. Oshkosh WI 54901
415,Tomiko,Cardella,(312)248-4053,889 West Court Lake Zurich IL 60047
416,Stanton,Skiles,(959)294-4971,734 San Juan St. Lorton VA 22079
417,Joette,Pedroza,(590)590-1310,295 W. Cooper Street Bartlett IL 60103
418,Yan,Auman,(695)599-3075,774 Highland Dr. Benton Harbor MI 49022
419,Maya,Jaquez,(506)788-5579,9 Rock Creek Drive Clinton MD 20735
420,Kalyn,Rumery,(446)566-8045,7411 Rock Maple Drive Riverview FL 33569
421,Carin,Caudell,(297)202-3238,7084 Riverview Road Pataskala OH 43062
422,Wesley,Steffensmeier,(876)759-6329,937 Queen Street Huntington Station NY 11746
423,Everett,Hopwood,(429)700-5539,8982 Victoria Drive Hackettstown NJ 07840
424,Cammie,Calvi,(757)923-9568,606 Hamilton St. Mount Prospect IL 60056
425,Sterling,Seibel,(904)805-3649,9377 Ivy St. Sicklerville NJ 08081
426,Slyvia,Mulkey,(759)761-8260,7156 Big Rock Cove Dr. Kennesaw GA 30144
427,Nicky,Banas,(859)427-9791,648 Virginia Ave. Chillicothe OH 45601
428,Trudi,Whitehouse,(393)717-5960,8578 10th Ave. Jackson Heights NY 11372
429,Vicente,Slovinsky,(664)789-0572,363 East Garden Ave. New Haven CT 06511
430,Christopher,Socia,(710)374-1970,8888 E. Military St. Amityville NY 11701
431,Mai,Nau,(581)250-5123,8216 Gates Lane Apt 91 Flowery Branch GA 30542
432,Jenelle,Kuehner,(893)550-2905,72 Homewood Street Ellenwood GA 30294
433,Rayford,Loberg,(911)740-7770,464 W. Country Club Drive Wenatchee WA 98801
434,Erma,Harries,(347)389-8410,9772 Warren Street Ossining NY 10562
435,Mikel,Yutzy,(742)955-8071,45 High Noon Dr. Hackensack NJ 07601
436,Joella,Gipson,(724)206-1890,9084 Griffin St. Emporia KS 66801
437,Nova,Blum,(762)242-3896,748 Edgefield Street Canyon Country CA 91387
438,Laverna,Curiel,(943)248-5325,90 Holly Dr. Annapolis MD 21401
439,Janelle,Vahle,(836)897-6946,95 Brickell Drive Toledo OH 43612
440,Hannah,Rumsey,(783)642-3744,8474 Bishop Street Mount Laurel NJ 08054
441,Lida,Vandorn,(652)887-6135,11 Princess Street North Attleboro MA 02760
442,Emerald,Lamprecht,(757)203-7848,135 Marconi Dr. North Wales PA 19454
443,Kelsie,Langton,(498)799-3699,8783 East Country Dr. Willoughby OH 44094
444,Sung,Humes,(279)645-4891,63 North Crescent Street Harrisonburg VA 22801
445,Lorenzo,Mcquade,(482)200-1768,864 Goldfield Court Ponte Vedra Beach FL 32082
446,Monte,Fairall,(362)632-2855,723 Ohio Dr. Shirley NY 11967
447,Mervin,Greenfield,(207)484-8633,851 Brewery Ave. Rapid City SD 57701
448,Salina,Wilner,(252)875-5499,9957 Rockcrest St. Chester PA 19013
449,Birdie,Sowa,(377)679-2138,157 53rd Drive Milford MA 01757
450,Britteny,Archuleta,(276)859-1935,974 Cemetery Drive Cleveland TN 37312
451,Natisha,Latour,(810)611-0885,559 Schoolhouse Road Mount Airy MD 21771
452,Ardath,Ord,(651)834-0669,9759 Warren St. Vincentown NJ 08088
453,Ermelinda,Turner,(981)583-5852,8826 Brookside Drive Highland Park IL 60035
454,Yoshie,Bazemore,(697)637-1407,741 Sheffield Ave. Elizabethtown PA 17022
455,Tommie,Crissman,(821)301-2317,8225 San Carlos St. Clarksburg WV 26301
456,Dara,Kyles,(416)950-5021,34 Ohio Ave. Thomasville NC 27360
457,Polly,Dangerfield,(238)292-6953,68 Wall Ave. Mount Holly NJ 08060
458,Randall,Eich,(557)682-3975,992 White Court Zion IL 60099
459,Tama,Truss,(972)340-1147,90 Cobblestone St. Stow OH 44224
460,Josette,Bartmess,(596)313-6564,83 Foster Lane Wakefield MA 01880
461,Taisha,Fillion,(738)404-1039,7 S. Bald Hill Ave. Victoria TX 77904
462,Sherise,Tenny,(661)460-9763,979 S. Sunset Court Union NJ 07083
463,Destiny,Keating,(554)461-9306,91 Oakwood St. Orland Park IL 60462
464,Clayton,Lehrman,(464)987-1947,77 Foster Street Snohomish WA 98290
465,Jewell,Sanks,(978)907-1743,283 Pearl St. Glendale AZ 85302
466,Roslyn,Laverriere,(760)531-4009,410 Ridgeview St. Uniondale NY 11553
467,Martin,Sok,(241)913-2323,48 South Evergreen Ave. Matawan NJ 07747
468,Felipe,Cullens,(302)599-0988,7629 Richardson Dr. Morgantown WV 26508
469,Sabina,Round,(687)424-6285,377 Illinois Street Barberton OH 44203
470,Kathlyn,Curro,(762)451-3001,805 South Fremont St. Oak Park MI 48237
471,Raleigh,Glorioso,(585)971-6431,651 Union St. Eastpointe MI 48021
472,Celena,Rosel,(256)966-2324,93 West Logan Rd. Eastlake OH 44095
473,Annice,Trail,(462)892-7184,276 Lakeview St. Starkville MS 39759
474,Justa,Seaton,(930)731-9087,3 E. Spring St. Circle Pines MN 55014
475,Vena,Fulk,(847)330-3674,5 West Cambridge St. Newtown PA 18940
476,Dionne,Berthold,(885)219-5495,8940 Oak Meadow Street Leominster MA 01453
477,Flor,Hennen,(873)943-1985,46 Manor Station Ave. Lansdowne PA 19050
478,Ezekiel,Germann,(434)508-2499,7044 Williams Lane Monroe Township NJ 08831
479,Gerald,Goettl,(756)893-0878,254 Depot Drive Lumberton NC 28358
480,Vicente,Breuer,(717)890-4902,30 Bay Avenue Vineland NJ 08360
481,Shu,Ranson,(579)978-0050,23 North Campfire Dr. Memphis TN 38106
482,Robena,Pocock,(524)939-7157,735 Longfellow Street Cedar Falls IA 50613
483,Yvone,Gasaway,(553)988-8615,8814 Richardson Circle Oswego NY 13126
484,Harriette,Bonham,(748)425-3074,9 Nicolls Ave. Jenison MI 49428
485,Evalyn,Sansone,(436)711-6301,697 Saxton St. Akron OH 44312
486,Sharron,Condrey,(929)241-9284,95 South Gulf Ave. State College PA 16801
487,Stefany,Geier,(870)607-5482,1 Marshall Ave. Prattville AL 36067
488,Darcie,Heimbach,(685)636-5262,684 Lookout St. Colorado Springs CO 80911
489,Teri,Peak,(434)721-5978,44 Addison Street Dubuque IA 52001
490,Moriah,Ruffner,(509)829-8882,629 Mulberry Dr. Manitowoc WI 54220
491,Starla,Marchant,(446)567-3770,96 SE. Rockwell St. Venice FL 34293
492,Donn,Hight,(808)683-5276,7479 Sunbeam Street Phillipsburg NJ 08865
493,Rory,Rothenberger,(891)806-9623,224 Bear Hill Ave. Wooster OH 44691
494,Danilo,Parham,(597)357-2258,135 Roosevelt Ave. Crawfordsville IN 47933
495,Ramiro,Alves,(461)809-3921,9843 Augusta St. Evanston IL 60201
496,Elton,Spiers,(332)718-8768,348 Smith Store Drive Lake In The Hills IL 60156
497,Delicia,Paulding,(917)210-7308,10 Hill St. Apt F Pottstown PA 19464
498,Jenee,Gales,(683)543-9836,9108 Green Avenue Sun Prairie WI 53590
499,Davina,Trevathan,(574)867-1830,37 Shipley Dr. Klamath Falls OR 97603
