0,Alexandria,Cuyler,10
1,Rory,Berner,8
2,Blythe,Santacruz,4
3,Ma,Dresser,3
4,Lane,Rachal,7
5,Berenice,Farnum,10
6,Antoine,Harpin,8
7,Renita,Ohman,0
8,Ezequiel,Tarbell,8
9,Sharice,Cail,4
10,Joel,Dietz,6
11,Ming,Cermak,1
12,Berta,Amsler,0
13,Sona,Tooley,9
14,Rosie,Mead,8
15,Tomiko,Cardella,2
16,Stanton,Skiles,4
17,Joette,Pedroza,4
18,Yan,Auman,5
19,Maya,Jaquez,2
20,Kalyn,Rumery,1
21,Carin,Caudell,5
22,Wesley,Steffensmeier,1
23,Everett,Hopwood,3
24,Cammie,Calvi,3
25,Sterling,Seibel,8
26,Slyvia,Mulkey,10
27,Nicky,Banas,1
28,Trudi,Whitehouse,0
29,Vicente,Slovinsky,2
30,Christopher,Socia,7
31,Mai,Nau,1
32,Jenelle,Kuehner,4
33,Rayford,Loberg,3
34,Erma,Harries,6
35,Mikel,Yutzy,5
36,Joella,Gipson,6
37,Nova,Blum,6
38,Laverna,Curiel,8
39,Janelle,Vahle,6
40,Hannah,Rumsey,9
41,Lida,Vandorn,5
42,Emerald,Lamprecht,2
43,Kelsie,Langton,6
44,Sung,Humes,0
45,Lorenzo,Mcquade,7
46,Monte,Fairall,2
47,Mervin,Greenfield,10
48,Salina,Wilner,0
49,Birdie,Sowa,0
50,Shelba,Flagler,6
51,Vada,Pendleton,7
52,Adell,Gadson,0
53,Yvonne,Saltzman,8
54,Arvilla,Coppage,2
55,Talisha,Rieck,3
56,Christel,Bugarin,7
57,Milda,Wadsworth,4
58,Cammy,Zupan,0
59,Clorinda,Glessner,1
60,Suzette,Downard,0
61,Bettie,Longway,10
62,Evon,Tieman,9
63,Clarita,Plumlee,10
64,Lorina,Steuck,3
65,Deandrea,Townson,6
66,Alayna,Arden,6
67,Philip,Vergara,5
68,Hailey,Marchant,6
69,Carlyn,Seaton,5
70,Long,Federico,7
71,Charmain,Pew,5
72,Cicely,Anker,10
73,Marcia,Rogan,2
74,Franklin,Shehane,2
75,Nena,Lover,4
76,Shemeka,Orris,3
77,Ivory,Newbury,9
78,Dorthey,Mcfadin,9
79,Wilmer,Laracuente,4
80,Gwyneth,Amy,3
81,Sharlene,Yin,7
82,Han,Failla,10
83,Arlean,Mccurry,6
84,Christia,Telford,8
85,Katharine,Purtee,1
86,Lenita,Embree,0
87,Yolanda,Blandford,3
88,Tona,Seeger,8
89,Eddie,Minder,5
90,Tarsha,Digirolamo,4
91,Nikia,Coupe,9
92,Colton,Nagy,4
93,Myrtice,Motto,7
94,Shaquita,Slade,9
95,Argelia,Esterly,6
96,Carma,Greening,9
97,Loren,Brindley,10
98,Halina,Spahr,8
99,Merilyn,Rozek,1
100,Tyron,Harned,2
101,Tiara,Hargrave,7
102,Louanne,Jimenes,1
103,Lupe,Burden,9
104,Kelly,Krings,9
105,Amie,Menges,4
106,Ruthanne,Whalley,2
107,Carla,Loh,9
108,Marilee,Schumacher,2
109,Luisa,Healy,2
110,Johna,Turgeon,8
111,Tennie,Engen,5
112,Keli,Battles,7
113,Lyndsay,Schnieders,0
114,Donn,Husk,10
115,Jacquline,Eutsey,9
116,Saundra,Dimaio,7
117,Minna,Carreon,10
118,Mazie,Womac,1
119,Flavia,Mehta,10
120,Mee,Morelock,1
121,Wonda,Maisch,4
122,Mignon,Sidoti,0
123,Goldie,Surette,7
124,Kate,Plemons,7
125,In,Micheal,6
126,Irving,Challis,2
127,Maricela,Lederer,8
128,Kristel,Roling,8
129,Cesar,Ratti,5
130,Luvenia,Lavalley,7
131,Joel,Donathan,8
132,Shan,Ester,4
133,Sheree,Braham,5
134,Tamiko,Silguero,2
135,Fabian,Lippman,3
136,Virgil,Pham,1
137,Penny,Keplin,5
138,Kerstin,Ranum,9
139,Eliana,Rapier,4
140,Carlita,Maxson,8
141,Garth,Schack,3
142,Rosalia,Demont,0
143,Argentina,Mccary,2
144,Annamae,Pasquariello,6
145,Paulene,Barnwell,10
146,Rafael,Trapp,5
147,Lissette,Monarrez,1
148,Renda,Zarate,0
149,Tommye,Obermiller,3
150,Sabrina,Ikard,8
151,Torri,Shin,1
152,Edelmira,Dinwiddie,5
153,Jacquelynn,Dietrick,3
154,Rosamaria,Lurry,4
155,Christel,Victorino,1
156,Caprice,Wimmer,2
157,Ester,Michael,7
158,Clement,Harps,0
159,Emory,Kutz,3
160,Shayla,Balzer,3
161,January,Bastian,4
162,Ilona,Jaquez,3
163,Darin,Morquecho,1
164,Toni,Forck,7
165,Peggy,Cripe,5
166,Eula,Crank,3
167,Erline,Ceasar,7
168,Carolee,Croce,2
169,Shala,Strausbaugh,4
170,Yasmine,Duren,9
171,Carmelia,Hochmuth,9
172,Darby,Scarboro,2
173,Mason,Mulherin,9
174,Janeth,Kleiber,7
175,Marilou,Lemaster,3
176,Scot,Motton,9
177,Eusebia,Hoefer,3
178,Bernard,Freeze,1
179,Erma,Derrow,9
180,Rob,Twiss,3
181,Mica,Clingan,1
182,Pearline,Forshey,1
183,Misty,Simpson,10
184,Candi,Falgoust,6
185,Reina,Corbo,2
186,Carlee,Gerlach,5
187,Jamika,Selby,3
188,Kandi,Walden,8
189,Eryn,Surita,1
190,Tana,Chiesa,5
191,Leeann,Horrocks,2
192,Cordelia,Cortese,2
193,Faustina,Delucia,4
194,Sherise,Ruston,2
195,Jan,Muff,4
196,Stephen,Hutchens,1
197,Jon,Mclarty,5
198,Jason,Hamburg,7
199,Verdie,Sanchez,0
200,Tora,Deboer,1
201,Isaura,Audia,7
202,Mack,Vaugh,6
203,Marquetta,Delano,2
204,Lawanna,Murga,6
205,Samira,Binger,10
206,Raelene,Horsey,10
207,Malcom,Poon,2
208,Priscila,Collum,3
209,Adelaida,Eure,1
210,Beryl,Wigington,3
211,Sherita,Rahn,10
212,Floria,Kempker,4
213,Joe,Hoots,7
214,Kaylee,Carberry,2
215,Temika,Stow,9
216,Shirlee,Abee,0
217,Cornell,Gee,2
218,Rolf,Proffitt,8
219,Nia,Brinks,9
220,Boyd,Deitch,8
221,Gudrun,Finkbeiner,10
222,Tina,Pittenger,0
223,Kazuko,Marsala,1
224,Michaele,Magallan,9
225,Sasha,Guarnieri,9
226,Tawna,Bynum,3
227,Genevive,Sickler,6
228,Mariela,Medlin,7
229,Hulda,Carreras,3
230,Rosalia,Mcbeath,7
231,Fidel,Spurlock,1
232,Antione,Dubuque,1
233,Johnson,Riffle,7
234,Cecelia,Kaczorowski,0
235,Robt,Schoonover,1
236,Logan,Taub,10
237,Evonne,Sills,2
238,Janetta,Mccollister,3
239,Tomi,Mckeel,1
240,Francene,Schiff,10
241,Tuan,Vanfossen,2
242,Asuncion,Klippel,8
243,Consuela,Riggenbach,5
244,Ludivina,Picha,9
245,Florencio,Miley,5
246,Norma,Ferrari,1
247,Nakesha,Cremeans,10
248,Grant,Citizen,8
249,Kathe,Dollison,10
